{
    "activation": "relu",
    "ent_coef": 2.18234490956654e-7,
    "gamma": 0.9529168892708382,
    "learning_rate": 0.00015276651982150703,
    "max_grad_norm": 2.0471420799746207,
    "n_layers": 3,
    "n_steps": 256,
    "n_units_l0": 166,
    "n_units_l1": 105,
    "n_units_l2": 502,
    "vf_coef": 0.8035300093433758
}