{"means": {"open": 0.4209361053240741, "high": 0.4220012934027778, "low": 0.41984230034722225, "close": 0.42093587384259257, "volume": 14711922.033854166, "rsi": 50.24069275388047, "ema20": 0.4209589460382909, "macd": -1.2034959557072673e-06, "macd_signal": 6.376073748634002e-06, "macd_diff": -8.236562819776087e-06, "bollinger_hband": 0.42539629126513234, "bollinger_lband": 0.41652109530894177, "stoch": 51.83042089869979, "vwap": 0.4316226095677478, "atr": 0.002152427852703765, "ichimoku_a": 0.42073002604166665, "ichimoku_b": 0.4203447063078703, "psar": 0.4206445772235687, "cci": 1.5626508803913184, "trix": -0.0006522274480279957, "ultimate_osc": 50.74883057095162, "rvi": 0.011582144351781409, "obv": -646244934.9719329, "chaikin_money_flow": 0.004122714477242255}, "stds": {"open": 0.02289502878047868, "high": 0.02298971122113979, "low": 0.02282331870233167, "close": 0.022895117536126608, "volume": 19900746.779802606, "rsi": 10.530909380235745, "ema20": 0.022654409744324512, "macd": 0.0015298222502028844, "macd_signal": 0.0014328178768760174, "macd_diff": 0.0005131812468026946, "bollinger_hband": 0.023303583774363493, "bollinger_lband": 0.022636399676830798, "stoch": 28.079173369599854, "vwap": 0.007070050722925615, "atr": 0.0011353984804191306, "ichimoku_a": 0.02285691478986902, "ichimoku_b": 0.022943817387327044, "psar": 0.02349052112180619, "cci": 109.24884663136832, "trix": 0.04929472417290549, "ultimate_osc": 9.394147114054098, "rvi": 0.15472199089875333, "obv": 440909275.5686358, "chaikin_money_flow": 0.1535594799283462}}