{
    "activation": "elu",
    "ent_coef": 4.13811257236177e-7,
    "gamma": 0.9585604771999913,
    "learning_rate": 0.000281937344633192,
    "max_grad_norm": 1.777013404061883,
    "n_layers": 2,
    "n_steps": 128,
    "n_units_l0": 85,
    "n_units_l1": 123,
    "vf_coef": 0.8637832114918506
}